{"mean":{"confidence_interval":{"confidence_level":0.95,"lower_bound":9338.538776056665,"upper_bound":9385.386414508997},"point_estimate":9361.549193771432,"standard_error":11.978790882721167},"median":{"confidence_interval":{"confidence_level":0.95,"lower_bound":9337.35819427486,"upper_bound":9351.288747165534},"point_estimate":9343.778635561968,"standard_error":3.7474954222555574},"median_abs_dev":{"confidence_interval":{"confidence_level":0.95,"lower_bound":34.82024068378874,"upper_bound":117.99832434482808},"point_estimate":58.44770332901213,"standard_error":25.174586496102066},"slope":{"confidence_interval":{"confidence_level":0.95,"lower_bound":9385.38837975785,"upper_bound":9454.119911047419},"point_estimate":9419.513627618626,"standard_error":17.567930214845486},"std_dev":{"confidence_interval":{"confidence_level":0.95,"lower_bound":98.3793224376266,"upper_bound":140.5343316568361},"point_estimate":120.39793800081934,"standard_error":10.78271134980526}}