{"mean":{"confidence_interval":{"confidence_level":0.95,"lower_bound":-0.08001195814058618,"upper_bound":-0.0708395543093741},"point_estimate":-0.07547841491602547,"standard_error":0.0023514593650697546},"median":{"confidence_interval":{"confidence_level":0.95,"lower_bound":-0.07258667898895288,"upper_bound":-0.06784325359956711},"point_estimate":-0.07021143521757278,"standard_error":0.0013052260164436447}}