{"mean":{"confidence_interval":{"confidence_level":0.95,"lower_bound":0.014760337990209926,"upper_bound":0.030420122498650014},"point_estimate":0.022499500658821336,"standard_error":0.004130260378856774},"median":{"confidence_interval":{"confidence_level":0.95,"lower_bound":0.008975560189633747,"upper_bound":0.02880867709913182},"point_estimate":0.017204757846089436,"standard_error":0.005335033174922815}}